{"presets":{"flat":["#26b99a","#4fba6f","#14a085","#24ae5f","#3b97d3","#2980ba","#955ba5","#894b9d","#35495e","#2c3e50","#f0c419","#f29c1f","#e57e25","#d25627","#e64c3c","#c03a2b","#ecf0f1","#bdc3c7","#95a5a5","#7f8c8d"],"material":["#d32f2f","#ad1457","#6a1b9a","#4527a0","#283593","#1565C0","#0277bd","#00838f","#00695c","#2e7d32","#558b2f","#9e9d24","#f9a825","#ff8f00","#ef6c00","#d84315","#4e342e","#424242","#37474f"]},"schemes":{"aspirin":["#225378","#1695A3","#ACF0F2","#F3FFE2","#EB7F00"],"bird":["#2B3A42","#3F5765","#BDD4DE","#EFEFEF","#FF530D"],"firenze":["#468966","#FFF0A5","#FFB03B","#B64926","#8E2800"],"honey":["#105B63","#FFFAD5","#FFD34E","#DB9E36","#BD4932"],"retromatic":["#EE1848","#131829","#3C3F87","#3AAD9F","#A8F0C9"],"sandy":["#E6E2AF","#A7A37E","#EFECCA","#046380","#002F2F"],"sky":["#16193B","#35478C","#4E7AC7","#7FB2F0","#ADD5F7"],"sunset":["#623C62","#2C1B31","#B04361","#FA7066","#FEBB62"],"times":["#332532","#644D52","#F77A52","#FF974F","#A49A87"],"wolf":["#DC3522","#D9CB9E","#374140","#2A2C2B","#1E1E20"]}}
